Sub_Category,Profit
Tables,-17725.59
Bookcases,-3472.56
Supplies,-1188.9899999999998
Fasteners,949.53
Machines,3384.730000000001
